{
	"BUILD_DIR" : "C:/Users/vahna/Documents/MyComplexProjects/dictionary_search/cmake-build-release/FindInDIct_autogen",
	"CMAKE_BINARY_DIR" : "C:/Users/vahna/Documents/MyComplexProjects/dictionary_search/cmake-build-release",
	"CMAKE_CURRENT_BINARY_DIR" : "C:/Users/vahna/Documents/MyComplexProjects/dictionary_search/cmake-build-release",
	"CMAKE_CURRENT_SOURCE_DIR" : "C:/Users/vahna/Documents/MyComplexProjects/dictionary_search",
	"CMAKE_EXECUTABLE" : "C:/Program Files/JetBrains/CLion 2020.1.1/bin/cmake/win/bin/cmake.exe",
	"CMAKE_LIST_FILES" : 
	[
		"C:/Users/vahna/Documents/MyComplexProjects/dictionary_search/CMakeLists.txt",
		"C:/Users/vahna/Documents/MyComplexProjects/dictionary_search/cmake-build-release/CMakeFiles/3.19.2/CMakeSystem.cmake",
		"C:/Program Files/JetBrains/CLion 2020.1.1/bin/cmake/win/share/cmake-3.19/Modules/CMakeSystemSpecificInitialize.cmake",
		"C:/Users/vahna/Documents/MyComplexProjects/dictionary_search/cmake-build-release/CMakeFiles/3.19.2/CMakeCCompiler.cmake",
		"C:/Users/vahna/Documents/MyComplexProjects/dictionary_search/cmake-build-release/CMakeFiles/3.19.2/CMakeCXXCompiler.cmake",
		"C:/Program Files/JetBrains/CLion 2020.1.1/bin/cmake/win/share/cmake-3.19/Modules/CMakeSystemSpecificInformation.cmake",
		"C:/Program Files/JetBrains/CLion 2020.1.1/bin/cmake/win/share/cmake-3.19/Modules/CMakeGenericSystem.cmake",
		"C:/Program Files/JetBrains/CLion 2020.1.1/bin/cmake/win/share/cmake-3.19/Modules/CMakeInitializeConfigs.cmake",
		"C:/Program Files/JetBrains/CLion 2020.1.1/bin/cmake/win/share/cmake-3.19/Modules/Platform/Windows.cmake",
		"C:/Program Files/JetBrains/CLion 2020.1.1/bin/cmake/win/share/cmake-3.19/Modules/Platform/WindowsPaths.cmake",
		"C:/Program Files/JetBrains/CLion 2020.1.1/bin/cmake/win/share/cmake-3.19/Modules/CMakeFindCodeBlocks.cmake",
		"C:/Program Files/JetBrains/CLion 2020.1.1/bin/cmake/win/share/cmake-3.19/Modules/CMakeExtraGeneratorDetermineCompilerMacrosAndIncludeDirs.cmake",
		"C:/Program Files/JetBrains/CLion 2020.1.1/bin/cmake/win/share/cmake-3.19/Modules/ProcessorCount.cmake",
		"C:/Program Files/JetBrains/CLion 2020.1.1/bin/cmake/win/share/cmake-3.19/Modules/CMakeCInformation.cmake",
		"C:/Program Files/JetBrains/CLion 2020.1.1/bin/cmake/win/share/cmake-3.19/Modules/CMakeLanguageInformation.cmake",
		"C:/Program Files/JetBrains/CLion 2020.1.1/bin/cmake/win/share/cmake-3.19/Modules/Compiler/GNU-C.cmake",
		"C:/Program Files/JetBrains/CLion 2020.1.1/bin/cmake/win/share/cmake-3.19/Modules/Compiler/GNU.cmake",
		"C:/Program Files/JetBrains/CLion 2020.1.1/bin/cmake/win/share/cmake-3.19/Modules/Compiler/CMakeCommonCompilerMacros.cmake",
		"C:/Program Files/JetBrains/CLion 2020.1.1/bin/cmake/win/share/cmake-3.19/Modules/Platform/Windows-GNU-C.cmake",
		"C:/Program Files/JetBrains/CLion 2020.1.1/bin/cmake/win/share/cmake-3.19/Modules/Platform/Windows-GNU.cmake",
		"C:/Users/vahna/Documents/MyComplexProjects/dictionary_search/cmake-build-release/CMakeFiles/3.19.2/CMakeRCCompiler.cmake",
		"C:/Program Files/JetBrains/CLion 2020.1.1/bin/cmake/win/share/cmake-3.19/Modules/CMakeRCInformation.cmake",
		"C:/Program Files/JetBrains/CLion 2020.1.1/bin/cmake/win/share/cmake-3.19/Modules/Platform/Windows-windres.cmake",
		"C:/Program Files/JetBrains/CLion 2020.1.1/bin/cmake/win/share/cmake-3.19/Modules/Platform/Windows-GNU-C-ABI.cmake",
		"C:/Program Files/JetBrains/CLion 2020.1.1/bin/cmake/win/share/cmake-3.19/Modules/CMakeCommonLanguageInclude.cmake",
		"C:/Program Files/JetBrains/CLion 2020.1.1/bin/cmake/win/share/cmake-3.19/Modules/CMakeCXXInformation.cmake",
		"C:/Program Files/JetBrains/CLion 2020.1.1/bin/cmake/win/share/cmake-3.19/Modules/CMakeLanguageInformation.cmake",
		"C:/Program Files/JetBrains/CLion 2020.1.1/bin/cmake/win/share/cmake-3.19/Modules/Compiler/GNU-CXX.cmake",
		"C:/Program Files/JetBrains/CLion 2020.1.1/bin/cmake/win/share/cmake-3.19/Modules/Compiler/GNU.cmake",
		"C:/Program Files/JetBrains/CLion 2020.1.1/bin/cmake/win/share/cmake-3.19/Modules/Platform/Windows-GNU-CXX.cmake",
		"C:/Program Files/JetBrains/CLion 2020.1.1/bin/cmake/win/share/cmake-3.19/Modules/Platform/Windows-GNU.cmake",
		"C:/Program Files/JetBrains/CLion 2020.1.1/bin/cmake/win/share/cmake-3.19/Modules/Platform/Windows-GNU-CXX-ABI.cmake",
		"C:/Program Files/JetBrains/CLion 2020.1.1/bin/cmake/win/share/cmake-3.19/Modules/CMakeCommonLanguageInclude.cmake",
		"C:/Qt/6.0.3/mingw81_64/lib/cmake/Qt6/Qt6ConfigVersion.cmake",
		"C:/Qt/6.0.3/mingw81_64/lib/cmake/Qt6/Qt6Config.cmake",
		"C:/Qt/6.0.3/mingw81_64/lib/cmake/Qt6/Qt6Targets.cmake",
		"C:/Qt/6.0.3/mingw81_64/lib/cmake/Qt6/Qt6VersionlessTargets.cmake",
		"C:/Program Files/JetBrains/CLion 2020.1.1/bin/cmake/win/share/cmake-3.19/Modules/CMakeFindDependencyMacro.cmake",
		"C:/Qt/6.0.3/mingw81_64/lib/cmake/Qt6/Qt6Dependencies.cmake",
		"C:/Program Files/JetBrains/CLion 2020.1.1/bin/cmake/win/share/cmake-3.19/Modules/FindThreads.cmake",
		"C:/Program Files/JetBrains/CLion 2020.1.1/bin/cmake/win/share/cmake-3.19/Modules/CheckLibraryExists.cmake",
		"C:/Program Files/JetBrains/CLion 2020.1.1/bin/cmake/win/share/cmake-3.19/Modules/CheckIncludeFile.cmake",
		"C:/Program Files/JetBrains/CLion 2020.1.1/bin/cmake/win/share/cmake-3.19/Modules/CheckCSourceCompiles.cmake",
		"C:/Program Files/JetBrains/CLion 2020.1.1/bin/cmake/win/share/cmake-3.19/Modules/Internal/CheckSourceCompiles.cmake",
		"C:/Program Files/JetBrains/CLion 2020.1.1/bin/cmake/win/share/cmake-3.19/Modules/FindPackageHandleStandardArgs.cmake",
		"C:/Program Files/JetBrains/CLion 2020.1.1/bin/cmake/win/share/cmake-3.19/Modules/FindPackageMessage.cmake",
		"C:/Qt/6.0.3/mingw81_64/lib/cmake/Qt6Core/Qt6CoreConfigVersion.cmake",
		"C:/Qt/6.0.3/mingw81_64/lib/cmake/Qt6Core/Qt6CoreConfig.cmake",
		"C:/Program Files/JetBrains/CLion 2020.1.1/bin/cmake/win/share/cmake-3.19/Modules/CMakeFindDependencyMacro.cmake",
		"C:/Qt/6.0.3/mingw81_64/lib/cmake/Qt6Core/Qt6CoreDependencies.cmake",
		"C:/Qt/6.0.3/mingw81_64/lib/cmake/Qt6/Qt6ConfigVersion.cmake",
		"C:/Qt/6.0.3/mingw81_64/lib/cmake/Qt6/Qt6Config.cmake",
		"C:/Qt/6.0.3/mingw81_64/lib/cmake/Qt6/Qt6Targets.cmake",
		"C:/Qt/6.0.3/mingw81_64/lib/cmake/Qt6/Qt6VersionlessTargets.cmake",
		"C:/Program Files/JetBrains/CLion 2020.1.1/bin/cmake/win/share/cmake-3.19/Modules/CMakeFindDependencyMacro.cmake",
		"C:/Qt/6.0.3/mingw81_64/lib/cmake/Qt6/Qt6Dependencies.cmake",
		"C:/Program Files/JetBrains/CLion 2020.1.1/bin/cmake/win/share/cmake-3.19/Modules/FindThreads.cmake",
		"C:/Program Files/JetBrains/CLion 2020.1.1/bin/cmake/win/share/cmake-3.19/Modules/CheckLibraryExists.cmake",
		"C:/Program Files/JetBrains/CLion 2020.1.1/bin/cmake/win/share/cmake-3.19/Modules/CheckIncludeFile.cmake",
		"C:/Program Files/JetBrains/CLion 2020.1.1/bin/cmake/win/share/cmake-3.19/Modules/CheckCSourceCompiles.cmake",
		"C:/Program Files/JetBrains/CLion 2020.1.1/bin/cmake/win/share/cmake-3.19/Modules/FindPackageHandleStandardArgs.cmake",
		"C:/Program Files/JetBrains/CLion 2020.1.1/bin/cmake/win/share/cmake-3.19/Modules/FindPackageMessage.cmake",
		"C:/Qt/6.0.3/mingw81_64/lib/cmake/Qt6/FindWrapAtomic.cmake",
		"C:/Program Files/JetBrains/CLion 2020.1.1/bin/cmake/win/share/cmake-3.19/Modules/CheckCXXSourceCompiles.cmake",
		"C:/Program Files/JetBrains/CLion 2020.1.1/bin/cmake/win/share/cmake-3.19/Modules/Internal/CheckSourceCompiles.cmake",
		"C:/Program Files/JetBrains/CLion 2020.1.1/bin/cmake/win/share/cmake-3.19/Modules/FindPackageHandleStandardArgs.cmake",
		"C:/Program Files/JetBrains/CLion 2020.1.1/bin/cmake/win/share/cmake-3.19/Modules/FindPackageMessage.cmake",
		"C:/Qt/6.0.3/mingw81_64/lib/cmake/Qt6CoreTools/Qt6CoreToolsConfigVersion.cmake",
		"C:/Qt/6.0.3/mingw81_64/lib/cmake/Qt6CoreTools/Qt6CoreToolsConfig.cmake",
		"C:/Program Files/JetBrains/CLion 2020.1.1/bin/cmake/win/share/cmake-3.19/Modules/CMakeFindDependencyMacro.cmake",
		"C:/Qt/6.0.3/mingw81_64/lib/cmake/Qt6CoreTools/Qt6CoreToolsDependencies.cmake",
		"C:/Qt/6.0.3/mingw81_64/lib/cmake/Qt6CoreTools/Qt6CoreToolsTargets.cmake",
		"C:/Qt/6.0.3/mingw81_64/lib/cmake/Qt6CoreTools/Qt6CoreToolsTargets-relwithdebinfo.cmake",
		"C:/Qt/6.0.3/mingw81_64/lib/cmake/Qt6CoreTools/Qt6CoreToolsAdditionalTargetInfo.cmake",
		"C:/Qt/6.0.3/mingw81_64/lib/cmake/Qt6CoreTools/Qt6CoreToolsVersionlessTargets.cmake",
		"C:/Qt/6.0.3/mingw81_64/lib/cmake/Qt6EntryPoint/Qt6EntryPointConfigVersion.cmake",
		"C:/Qt/6.0.3/mingw81_64/lib/cmake/Qt6EntryPoint/Qt6EntryPointConfig.cmake",
		"C:/Program Files/JetBrains/CLion 2020.1.1/bin/cmake/win/share/cmake-3.19/Modules/CMakeFindDependencyMacro.cmake",
		"C:/Qt/6.0.3/mingw81_64/lib/cmake/Qt6EntryPoint/Qt6EntryPointTargets.cmake",
		"C:/Qt/6.0.3/mingw81_64/lib/cmake/Qt6EntryPoint/Qt6EntryPointTargets-relwithdebinfo.cmake",
		"C:/Qt/6.0.3/mingw81_64/lib/cmake/Qt6EntryPoint/Qt6EntryPointAdditionalTargetInfo.cmake",
		"C:/Qt/6.0.3/mingw81_64/lib/cmake/Qt6EntryPoint/Qt6EntryPointVersionlessTargets.cmake",
		"C:/Qt/6.0.3/mingw81_64/lib/cmake/Qt6/QtFeature.cmake",
		"C:/Qt/6.0.3/mingw81_64/lib/cmake/Qt6/QtFeatureCommon.cmake",
		"C:/Program Files/JetBrains/CLion 2020.1.1/bin/cmake/win/share/cmake-3.19/Modules/CheckCXXCompilerFlag.cmake",
		"C:/Program Files/JetBrains/CLion 2020.1.1/bin/cmake/win/share/cmake-3.19/Modules/CheckCXXSourceCompiles.cmake",
		"C:/Program Files/JetBrains/CLion 2020.1.1/bin/cmake/win/share/cmake-3.19/Modules/Internal/CheckCompilerFlag.cmake",
		"C:/Program Files/JetBrains/CLion 2020.1.1/bin/cmake/win/share/cmake-3.19/Modules/Internal/CheckSourceCompiles.cmake",
		"C:/Program Files/JetBrains/CLion 2020.1.1/bin/cmake/win/share/cmake-3.19/Modules/CMakeCheckCompilerFlagCommonPatterns.cmake",
		"C:/Qt/6.0.3/mingw81_64/lib/cmake/Qt6Core/Qt6CoreTargets.cmake",
		"C:/Qt/6.0.3/mingw81_64/lib/cmake/Qt6Core/Qt6CoreTargets-relwithdebinfo.cmake",
		"C:/Qt/6.0.3/mingw81_64/lib/cmake/Qt6Core/Qt6CoreAdditionalTargetInfo.cmake",
		"C:/Qt/6.0.3/mingw81_64/lib/cmake/Qt6Core/Qt6CoreVersionlessTargets.cmake",
		"C:/Qt/6.0.3/mingw81_64/lib/cmake/Qt6Core/Qt6CoreMacros.cmake",
		"C:/Program Files/JetBrains/CLion 2020.1.1/bin/cmake/win/share/cmake-3.19/Modules/CMakeParseArguments.cmake",
		"C:/Qt/6.0.3/mingw81_64/lib/cmake/Qt6Core/Qt6CoreConfigExtras.cmake",
		"C:/Qt/6.0.3/mingw81_64/lib/cmake/Qt6/QtFeature.cmake",
		"C:/Qt/6.0.3/mingw81_64/lib/cmake/Qt6/QtFeatureCommon.cmake",
		"C:/Program Files/JetBrains/CLion 2020.1.1/bin/cmake/win/share/cmake-3.19/Modules/CheckCXXCompilerFlag.cmake",
		"C:/Qt/6.0.3/mingw81_64/lib/cmake/Qt6Gui/Qt6GuiConfigVersion.cmake",
		"C:/Qt/6.0.3/mingw81_64/lib/cmake/Qt6Gui/Qt6GuiConfig.cmake",
		"C:/Program Files/JetBrains/CLion 2020.1.1/bin/cmake/win/share/cmake-3.19/Modules/CMakeFindDependencyMacro.cmake",
		"C:/Qt/6.0.3/mingw81_64/lib/cmake/Qt6Gui/Qt6GuiDependencies.cmake",
		"C:/Qt/6.0.3/mingw81_64/lib/cmake/Qt6/Qt6ConfigVersion.cmake",
		"C:/Qt/6.0.3/mingw81_64/lib/cmake/Qt6/Qt6Config.cmake",
		"C:/Qt/6.0.3/mingw81_64/lib/cmake/Qt6/Qt6Targets.cmake",
		"C:/Qt/6.0.3/mingw81_64/lib/cmake/Qt6/Qt6VersionlessTargets.cmake",
		"C:/Program Files/JetBrains/CLion 2020.1.1/bin/cmake/win/share/cmake-3.19/Modules/CMakeFindDependencyMacro.cmake",
		"C:/Qt/6.0.3/mingw81_64/lib/cmake/Qt6/Qt6Dependencies.cmake",
		"C:/Program Files/JetBrains/CLion 2020.1.1/bin/cmake/win/share/cmake-3.19/Modules/FindThreads.cmake",
		"C:/Program Files/JetBrains/CLion 2020.1.1/bin/cmake/win/share/cmake-3.19/Modules/CheckLibraryExists.cmake",
		"C:/Program Files/JetBrains/CLion 2020.1.1/bin/cmake/win/share/cmake-3.19/Modules/CheckIncludeFile.cmake",
		"C:/Program Files/JetBrains/CLion 2020.1.1/bin/cmake/win/share/cmake-3.19/Modules/CheckCSourceCompiles.cmake",
		"C:/Program Files/JetBrains/CLion 2020.1.1/bin/cmake/win/share/cmake-3.19/Modules/FindPackageHandleStandardArgs.cmake",
		"C:/Program Files/JetBrains/CLion 2020.1.1/bin/cmake/win/share/cmake-3.19/Modules/FindPackageMessage.cmake",
		"C:/Program Files/JetBrains/CLion 2020.1.1/bin/cmake/win/share/cmake-3.19/Modules/FindVulkan.cmake",
		"C:/Program Files/JetBrains/CLion 2020.1.1/bin/cmake/win/share/cmake-3.19/Modules/FindPackageHandleStandardArgs.cmake",
		"C:/Program Files/JetBrains/CLion 2020.1.1/bin/cmake/win/share/cmake-3.19/Modules/FindPackageMessage.cmake",
		"C:/Qt/6.0.3/mingw81_64/lib/cmake/Qt6GuiTools/Qt6GuiToolsConfigVersion.cmake",
		"C:/Qt/6.0.3/mingw81_64/lib/cmake/Qt6GuiTools/Qt6GuiToolsConfig.cmake",
		"C:/Program Files/JetBrains/CLion 2020.1.1/bin/cmake/win/share/cmake-3.19/Modules/CMakeFindDependencyMacro.cmake",
		"C:/Qt/6.0.3/mingw81_64/lib/cmake/Qt6GuiTools/Qt6GuiToolsDependencies.cmake",
		"C:/Qt/6.0.3/mingw81_64/lib/cmake/Qt6GuiTools/Qt6GuiToolsTargets.cmake",
		"C:/Qt/6.0.3/mingw81_64/lib/cmake/Qt6GuiTools/Qt6GuiToolsTargets-relwithdebinfo.cmake",
		"C:/Qt/6.0.3/mingw81_64/lib/cmake/Qt6GuiTools/Qt6GuiToolsAdditionalTargetInfo.cmake",
		"C:/Qt/6.0.3/mingw81_64/lib/cmake/Qt6GuiTools/Qt6GuiToolsVersionlessTargets.cmake",
		"C:/Qt/6.0.3/mingw81_64/lib/cmake/Qt6Gui/Qt6GuiTargets.cmake",
		"C:/Qt/6.0.3/mingw81_64/lib/cmake/Qt6Gui/Qt6GuiTargets-relwithdebinfo.cmake",
		"C:/Qt/6.0.3/mingw81_64/lib/cmake/Qt6Gui/Qt6GuiAdditionalTargetInfo.cmake",
		"C:/Qt/6.0.3/mingw81_64/lib/cmake/Qt6Gui/Qt6GuiVersionlessTargets.cmake",
		"C:/Qt/6.0.3/mingw81_64/lib/cmake/Qt6/QtFeature.cmake",
		"C:/Qt/6.0.3/mingw81_64/lib/cmake/Qt6/QtFeatureCommon.cmake",
		"C:/Program Files/JetBrains/CLion 2020.1.1/bin/cmake/win/share/cmake-3.19/Modules/CheckCXXCompilerFlag.cmake",
		"C:/Qt/6.0.3/mingw81_64/lib/cmake/Qt6Widgets/Qt6WidgetsConfigVersion.cmake",
		"C:/Qt/6.0.3/mingw81_64/lib/cmake/Qt6Widgets/Qt6WidgetsConfig.cmake",
		"C:/Program Files/JetBrains/CLion 2020.1.1/bin/cmake/win/share/cmake-3.19/Modules/CMakeFindDependencyMacro.cmake",
		"C:/Qt/6.0.3/mingw81_64/lib/cmake/Qt6Widgets/Qt6WidgetsDependencies.cmake",
		"C:/Qt/6.0.3/mingw81_64/lib/cmake/Qt6/Qt6ConfigVersion.cmake",
		"C:/Qt/6.0.3/mingw81_64/lib/cmake/Qt6/Qt6Config.cmake",
		"C:/Qt/6.0.3/mingw81_64/lib/cmake/Qt6/Qt6Targets.cmake",
		"C:/Qt/6.0.3/mingw81_64/lib/cmake/Qt6/Qt6VersionlessTargets.cmake",
		"C:/Program Files/JetBrains/CLion 2020.1.1/bin/cmake/win/share/cmake-3.19/Modules/CMakeFindDependencyMacro.cmake",
		"C:/Qt/6.0.3/mingw81_64/lib/cmake/Qt6/Qt6Dependencies.cmake",
		"C:/Program Files/JetBrains/CLion 2020.1.1/bin/cmake/win/share/cmake-3.19/Modules/FindThreads.cmake",
		"C:/Program Files/JetBrains/CLion 2020.1.1/bin/cmake/win/share/cmake-3.19/Modules/CheckLibraryExists.cmake",
		"C:/Program Files/JetBrains/CLion 2020.1.1/bin/cmake/win/share/cmake-3.19/Modules/CheckIncludeFile.cmake",
		"C:/Program Files/JetBrains/CLion 2020.1.1/bin/cmake/win/share/cmake-3.19/Modules/CheckCSourceCompiles.cmake",
		"C:/Program Files/JetBrains/CLion 2020.1.1/bin/cmake/win/share/cmake-3.19/Modules/FindPackageHandleStandardArgs.cmake",
		"C:/Program Files/JetBrains/CLion 2020.1.1/bin/cmake/win/share/cmake-3.19/Modules/FindPackageMessage.cmake",
		"C:/Qt/6.0.3/mingw81_64/lib/cmake/Qt6WidgetsTools/Qt6WidgetsToolsConfigVersion.cmake",
		"C:/Qt/6.0.3/mingw81_64/lib/cmake/Qt6WidgetsTools/Qt6WidgetsToolsConfig.cmake",
		"C:/Program Files/JetBrains/CLion 2020.1.1/bin/cmake/win/share/cmake-3.19/Modules/CMakeFindDependencyMacro.cmake",
		"C:/Qt/6.0.3/mingw81_64/lib/cmake/Qt6WidgetsTools/Qt6WidgetsToolsDependencies.cmake",
		"C:/Qt/6.0.3/mingw81_64/lib/cmake/Qt6WidgetsTools/Qt6WidgetsToolsTargets.cmake",
		"C:/Qt/6.0.3/mingw81_64/lib/cmake/Qt6WidgetsTools/Qt6WidgetsToolsTargets-relwithdebinfo.cmake",
		"C:/Qt/6.0.3/mingw81_64/lib/cmake/Qt6WidgetsTools/Qt6WidgetsToolsAdditionalTargetInfo.cmake",
		"C:/Qt/6.0.3/mingw81_64/lib/cmake/Qt6WidgetsTools/Qt6WidgetsToolsVersionlessTargets.cmake",
		"C:/Qt/6.0.3/mingw81_64/lib/cmake/Qt6Widgets/Qt6WidgetsTargets.cmake",
		"C:/Qt/6.0.3/mingw81_64/lib/cmake/Qt6Widgets/Qt6WidgetsTargets-relwithdebinfo.cmake",
		"C:/Qt/6.0.3/mingw81_64/lib/cmake/Qt6Widgets/Qt6WidgetsAdditionalTargetInfo.cmake",
		"C:/Qt/6.0.3/mingw81_64/lib/cmake/Qt6Widgets/Qt6WidgetsVersionlessTargets.cmake",
		"C:/Qt/6.0.3/mingw81_64/lib/cmake/Qt6Widgets/Qt6WidgetsMacros.cmake",
		"C:/Program Files/JetBrains/CLion 2020.1.1/bin/cmake/win/share/cmake-3.19/Modules/CMakeParseArguments.cmake",
		"C:/Qt/6.0.3/mingw81_64/lib/cmake/Qt6/QtFeature.cmake",
		"C:/Qt/6.0.3/mingw81_64/lib/cmake/Qt6/QtFeatureCommon.cmake",
		"C:/Program Files/JetBrains/CLion 2020.1.1/bin/cmake/win/share/cmake-3.19/Modules/CheckCXXCompilerFlag.cmake"
	],
	"CMAKE_SOURCE_DIR" : "C:/Users/vahna/Documents/MyComplexProjects/dictionary_search",
	"DEP_FILE" : "",
	"DEP_FILE_RULE_NAME" : "",
	"HEADERS" : 
	[
		[
			"C:/Users/vahna/Documents/MyComplexProjects/dictionary_search/Finder.h",
			"MU",
			"EWIEGA46WW/moc_Finder.cpp"
		],
		[
			"C:/Users/vahna/Documents/MyComplexProjects/dictionary_search/QtInterface.h",
			"MU",
			"EWIEGA46WW/moc_QtInterface.cpp"
		],
		[
			"C:/Users/vahna/Documents/MyComplexProjects/dictionary_search/QtWindow.h",
			"MU",
			"EWIEGA46WW/moc_QtWindow.cpp"
		]
	],
	"HEADER_EXTENSIONS" : [ "h", "hh", "h++", "hm", "hpp", "hxx", "in", "txx" ],
	"INCLUDE_DIR" : "C:/Users/vahna/Documents/MyComplexProjects/dictionary_search/cmake-build-release/FindInDIct_autogen/include",
	"MOC_COMPILATION_FILE" : "C:/Users/vahna/Documents/MyComplexProjects/dictionary_search/cmake-build-release/FindInDIct_autogen/mocs_compilation.cpp",
	"MOC_DEFINITIONS" : 
	[
		"MINGW_HAS_SECURE_API=1",
		"QT_CORE_LIB",
		"QT_GUI_LIB",
		"QT_NO_DEBUG",
		"QT_WIDGETS_LIB",
		"UNICODE",
		"WIN32",
		"WIN64",
		"_ENABLE_EXTENDED_ALIGNED_STORAGE",
		"_UNICODE",
		"_WIN32_WINNT=0x0601",
		"_WIN64"
	],
	"MOC_DEPEND_FILTERS" : 
	[
		[
			"Q_PLUGIN_METADATA",
			"[\n][ \t]*Q_PLUGIN_METADATA[ \t]*\\([^\\)]*FILE[ \t]*\"([^\"]+)\""
		]
	],
	"MOC_INCLUDES" : 
	[
		"C:/Qt/6.0.3/mingw81_64/include/QtCore",
		"C:/Qt/6.0.3/mingw81_64/include",
		"C:/Qt/6.0.3/mingw81_64/mkspecs/win32-g++",
		"C:/Qt/6.0.3/mingw81_64/include/QtGui",
		"C:/Qt/6.0.3/mingw81_64/include/QtWidgets",
		"C:/Program Files/mingw-w64/x86_64-8.1.0-posix-sjlj-rt_v6-rev0/mingw64/lib/gcc/x86_64-w64-mingw32/8.1.0/include/c++",
		"C:/Program Files/mingw-w64/x86_64-8.1.0-posix-sjlj-rt_v6-rev0/mingw64/lib/gcc/x86_64-w64-mingw32/8.1.0/include/c++/x86_64-w64-mingw32",
		"C:/Program Files/mingw-w64/x86_64-8.1.0-posix-sjlj-rt_v6-rev0/mingw64/lib/gcc/x86_64-w64-mingw32/8.1.0/include/c++/backward",
		"C:/Program Files/mingw-w64/x86_64-8.1.0-posix-sjlj-rt_v6-rev0/mingw64/lib/gcc/x86_64-w64-mingw32/8.1.0/include",
		"C:/Program Files/mingw-w64/x86_64-8.1.0-posix-sjlj-rt_v6-rev0/mingw64/lib/gcc/x86_64-w64-mingw32/8.1.0/include-fixed",
		"C:/Program Files/mingw-w64/x86_64-8.1.0-posix-sjlj-rt_v6-rev0/mingw64/x86_64-w64-mingw32/include"
	],
	"MOC_MACRO_NAMES" : [ "Q_OBJECT", "Q_GADGET", "Q_NAMESPACE", "Q_NAMESPACE_EXPORT" ],
	"MOC_OPTIONS" : [],
	"MOC_PATH_PREFIX" : false,
	"MOC_PREDEFS_CMD" : 
	[
		"C:/Program Files/mingw-w64/x86_64-8.1.0-posix-sjlj-rt_v6-rev0/mingw64/bin/g++.exe",
		"-dM",
		"-E",
		"-c",
		"C:/Program Files/JetBrains/CLion 2020.1.1/bin/cmake/win/share/cmake-3.19/Modules/CMakeCXXCompilerABI.cpp"
	],
	"MOC_PREDEFS_FILE" : "C:/Users/vahna/Documents/MyComplexProjects/dictionary_search/cmake-build-release/FindInDIct_autogen/moc_predefs.h",
	"MOC_RELAXED_MODE" : false,
	"MOC_SKIP" : 
	[
		"C:/Users/vahna/Documents/MyComplexProjects/dictionary_search/cmake-build-release/Preprocessor_autogen/mocs_compilation.cpp",
		"C:/Users/vahna/Documents/MyComplexProjects/dictionary_search/cmake-build-release/myLib_autogen/mocs_compilation.cpp"
	],
	"MULTI_CONFIG" : false,
	"PARALLEL" : 4,
	"PARSE_CACHE_FILE" : "C:/Users/vahna/Documents/MyComplexProjects/dictionary_search/cmake-build-release/CMakeFiles/FindInDIct_autogen.dir/ParseCache.txt",
	"QT_MOC_EXECUTABLE" : "C:/Qt/6.0.3/mingw81_64/bin/moc.exe",
	"QT_UIC_EXECUTABLE" : "C:/Qt/6.0.3/mingw81_64/bin/uic.exe",
	"QT_VERSION_MAJOR" : 6,
	"QT_VERSION_MINOR" : 0,
	"SETTINGS_FILE" : "C:/Users/vahna/Documents/MyComplexProjects/dictionary_search/cmake-build-release/CMakeFiles/FindInDIct_autogen.dir/AutogenUsed.txt",
	"SOURCES" : 
	[
		[
			"C:/Users/vahna/Documents/MyComplexProjects/dictionary_search/Finder.cpp",
			"MU"
		],
		[
			"C:/Users/vahna/Documents/MyComplexProjects/dictionary_search/QtWindow.cpp",
			"MU"
		],
		[
			"C:/Users/vahna/Documents/MyComplexProjects/dictionary_search/main.cpp",
			"MU"
		]
	],
	"UIC_OPTIONS" : [],
	"UIC_SEARCH_PATHS" : [],
	"UIC_SKIP" : 
	[
		"C:/Users/vahna/Documents/MyComplexProjects/dictionary_search/cmake-build-release/Preprocessor_autogen/mocs_compilation.cpp",
		"C:/Users/vahna/Documents/MyComplexProjects/dictionary_search/cmake-build-release/myLib_autogen/mocs_compilation.cpp"
	],
	"UIC_UI_FILES" : [],
	"VERBOSITY" : 0
}
